"","KnowledgeAssessmentID","RecentVersion","KnowledgeAssessmentName","ExamID","QuestionName","CorrectAnswer","QuestionID","TaxonomyURIorName","SME_assignment","tiebreaker"
"1","4c318720-943d-417d-9395-0e73f39398de",1,"RN: Oncology Assessment",483,"A 36-year-old female patient is taking tamoxifen (Soltamox&reg;) for metastatic breast cancer. A potential side effect of this medication is:","hot flashes.","c16a7327-881d-4eb0-a756-fc3dcf8c1232","Nursing: Registered Nurse - RN","SME 1","SME 3"
"2","968f57d0-5085-46b4-8341-e528086e9216",2,"RN: Home Health Assessment",513,"When the home health nurse assesses the patient with an indwelling catheter, the patient&#39;s provider needs to know that the:","patient reports burning and pain.","b2b1ad22-1c2f-4965-bbc8-5fcd468434a4","Infection Control","SME 1","SME 3"
"3","2ca33ed7-9bc2-44e0-bae1-5cec06ac306d",1,"Lab: Phlebotomy Technician Assessment",252,"The phlebotomist should not release the tourniquet until all the blood has been collected, the needle withdrawn, and the tubes properly labeled.","FALSE","c3e1fef0-3d98-4ba4-aadc-e2b8ad3c716a","Laboratory","SME 1","SME 3"
"4","03e80540-ad72-44ce-9742-871513339429",1,"RN: Case Manager Assessment",507,"HIPAA is an acronym for:","Health Insurance Portability and Accountability Act.","484daec1-de6e-409a-9168-99e93a60eff5","Care Coordination","SME 1","SME 3"
"5","68ec3bbe-b95f-48c9-a6f6-7bd0ee6dbdb7",1,"Pharmacology: Corrections RN Assessment",521,"Hydrocortisone (Solu-Cortef&reg;) 35 mg IM is ordered to treat inflammation. Hydrocortisone (Solu-Cortef&reg;) is available as 250 mg/10 mL. How many milliliters should be administered?","1.4 mL","b26f69e2-3c57-4956-9828-a5c45ebe1ccb","Nursing: Registered Nurse - RN","SME 1","SME 3"
"6","68c2c0e0-0308-4ec6-b820-0e421da089d7",1,"RN: Perioperative Assessment",508,"The primary safety consideration for positioning equipment is its:","ability to redistribute pressure.","41784053-5902-4d3d-9127-596283cc92c5","Perioperative","SME 1","SME 3"
"7","2ca33ed7-9bc2-44e0-bae1-5cec06ac306d",1,"Lab: Phlebotomy Technician Assessment",252,"Acceptable patient identifiers include the patient&#39;s verbal statement of his name, the patient&#39;s ID band, and the requisition form.","TRUE","5a6a9c54-ff42-48d8-ba90-8f8a8518b453","Phlebotomist","SME 1","SME 3"
"8","9d9c78e4-7966-4d37-a437-b1b516e9d3ef",1,"Respiratory: Respiratory Therapist Assessment",285,"A patient’s pulse drops from 92 to 54 beats per minute when a suction catheter is inserted into the oropharynx. The most likely cause of this is:","vagal stimulation.","1d16c595-e191-40b9-b10e-6a5812d33649","Respiratory Therapist","SME 1","SME 3"
"9","03e80540-ad72-44ce-9742-871513339429",1,"RN: Case Manager Assessment",507,"In 2014, __________ adults had a substance use disorder.","20.2 million","1b0a83de-dcc6-4297-9a43-86b4efabeee6","Case Management","SME 1","SME 3"
"10","36ca386d-6fa4-4a00-ade4-e571b067eaa8",1,"RN: ICU Neonatal Assessment",239,"New NRP guidelines direct that the pulse oximeter be used at every birth. Of the following options, which is the preferred placement for the probe that will best measure the amount of brain oxygenation?"," Right hand or wrist","02015355-d41a-433f-9051-ae4ac570ea7d","Nursing: Registered Nurse - RN","SME 1","SME 3"
"11","c383d71b-444e-4ba3-80a9-624d5244c4aa",2,"Allied: Medical Assistant Assessment",501,"When taking measures to reduce a patient&#39;s pain, what may a medical assistant do without a provider’s order?","Reduce noise and disturbance","7dc9a51d-a2d9-47e6-a432-573203b0ff4a","Allied: Medical Assistant Assessment","SME 1","SME 3"
"12","72864d5c-c90a-4220-8c86-5bd105e4aa01",1,"Cardiac Rhythm Identification - Basic Assessment",421,"<img width='900'  border='0' src='http://www.healthstream.com/content/nursecompetency/Rhythms/PATs.jpg' />","Paroxysmal atrial tachycardia (PAT)","586b7d81-50b5-4005-b9d2-afaabd1e441e","Cardiac Rhythms","SME 1","SME 3"
"13","3ff08c60-5caf-4c76-8a22-d230ab85c542",3,"Allied: Cardiovascular Technologist Assessment",482,"Peaked T waves on a 12-lead ECG most likely represent:","hyperkalemia.","e4992754-5eac-43c0-a01d-96a2f06361bb","Diagnostic Tests","SME 1","SME 3"
"14","f5cbc637-10bb-43e1-8413-2f64af5fe936",2,"RN: ICU Cardiovascular Assessment",379,"For which of the following conditions is a patient at risk if the pulmonary artery catheter migrates distally and becomes persistently wedged?","Pulmonary infarction","20628ff9-5586-48e4-a82c-e5eb6a2ba8fb","Cardiac Care","SME 1","SME 3"
"15","8483903c-7c30-4715-8463-481a277d224c",1,"RN: ICU Pediatric Assessment",253,"Which medication is commonly prescribed with spironolactone (Aldactone&reg;)?","Furosemide (Lasix&reg;)","bfa468c1-7188-4b96-a997-a2d7bd7f3539","Pediatric Critical Care","SME 1","SME 3"
"16","68ec3bbe-b95f-48c9-a6f6-7bd0ee6dbdb7",1,"Pharmacology: Corrections RN Assessment",521,"The nurse has received an order for penicillin v potassium (Penicillin-VK&reg;) suspension 0.75 g. The drug is available as 250 mg/5 mL. How many milliliters should be given?","15 mL","69d22fec-ebcf-4f6c-9888-bb7babf3ff04","Nursing: Registered Nurse - RN","SME 1","SME 3"
"17","dd5f6814-a43c-4d8a-bf88-d91121d3478b",1,"Therapy: Speech Language Pathologist Assessment",469,"Delayed auditory feedback causes a person to:","reduce the rate of speech.","edcb06b2-39c2-44c5-8809-11221bcbaa68","Speech-Language Pathologist","SME 1","SME 3"
"18","67012535-ad91-47b8-b70c-2244d9e59529",1,"Therapy: Occupational Therapist (OT) Assessment",523,"Stress reduction techniques used to assist with anxiety management include:","sleeping 6-8 hours each night.","2b2afb41-07e2-4b75-9a11-3051dcec3bad","Occupational Therapist","SME 1","SME 3"
"19","8b82e5e0-004c-4868-a54e-8be898285796",2,"Allied: Dietician Assessment",480,"Water is a macronutrient that makes up at least 45-75% of an individual’s body weight.  When body water is lost, a person can become dehydrated. If 10% of an individual’s body water is lost, which progressive effects of dehydration are likely to occur?","Swollen tongue, delirium, and muscle spasms","bdd23291-ccb0-464d-86b1-0f2768f9584c","http://healthstream.poolparty.biz/HSTMTaxonomy/e72add83-fb20-4b61-9a13-0c21aab77e76","SME 1","SME 3"
"20","660b0810-244f-4be6-b190-9ae766f5fa4b",1,"Pharmacology: LPN/LVN Assessment",284,"Which is the smallest?","0.01 mg","8105e3a6-71d5-4255-9936-2851f39e7f3f","Licensed Practical and Licensed Vocational Nurse - LPN","SME 1","SME 3"
"21","19daf9c1-5319-4a9c-9f4b-4d4d7c8c4230",1,"Radiology: Nuclear Medicine Technologist Assessment",298,"Three basic concepts to minimize radiation exposure in a radiology department are time, distance, and shielding. Radiation is monitored to ensure that exposures of occupational workers do not exceed federal limits by:","wearing individual dosimeters.","9be5d3e0-9770-4c07-8bea-5a81dd6bf424","Nuclear Medicine Technologist","SME 1","SME 3"
"22","72864d5c-c90a-4220-8c86-5bd105e4aa01",1,"Cardiac Rhythm Identification - Basic Assessment",421,"<img width='900'  border='0' src='http://www.healthstream.com/content/nursecompetency/Rhythms/RBB.jpg' />","Right bundle branch block","e877b58c-da38-4209-9ea0-3d3d744f9d61","Cardiac Rhythms","SME 1","SME 3"
"23","53fe3057-aa53-4a7a-938b-af51ec0ea425",2,"Allied: Medical Social Worker Assessment",428,"Discussions about end-of-life decisions may include a variety of healthcare options, such as:","do not resuscitate (DNR) or intubate (DNI) orders.","c4981cf8-9c52-4b66-9665-6d9a97ceca52","Social Worker","SME 1","SME 3"
"24","9bc5091e-3d88-4095-bb77-da5cde62c871",2,"Radiology: CT Technologist Assessment",311,"The key to successful customer interaction is:","communication.","f99cdf65-5646-483e-84bf-079d2ce784c4","Radiologic Technologist","SME 1","SME 3"
"25","68c2c0e0-0308-4ec6-b820-0e421da089d7",1,"RN: Perioperative Assessment",508,"Which of the following is a trigger for malignant hyperthermia?","Succinylcholine (Anectine&reg;)","a2594f51-1544-4f39-8f5b-821d2dd0d552","Nursing: Registered Nurse - RN","SME 1","SME 3"
"26","5853516b-4c3f-4233-8e07-986eb370a933",1,"RN: ICU Trauma Assessment",473,"GP decompensates in the Trauma ICU after being admitted for a concussion. He is intubated and receives an orogastric tube. What is the gold standard for verifying placement?","Examination of a chest x-ray","d9f8dfe6-ba6a-4414-9e3a-f092eec73dcc","Nursing: Registered Nurse - RN","SME 1","SME 3"
"27","660b0810-244f-4be6-b190-9ae766f5fa4b",1,"Pharmacology: LPN/LVN Assessment",284,"Upon discharge, the patient receives a prescription reading metronidazole (Flagyl&reg;) 500 mg BID x 7 days. How frequently should the nurse tell the patient to take this medication?","Twice daily","5e62a619-420a-4560-a04d-b6318a385b7c","Licensed Practical and Licensed Vocational Nurse - LPN","SME 1","SME 3"
"28","0d779224-1811-485c-947b-b5457e7d4245",1,"RN: Long-Term Care (LTC) Assessment",408,"___________________ is the coordinated effort of the musculoskeletal and nervous systems to maintain balance during lifting.","Body mechanics","98cb84d7-4a95-4a31-afe2-ffb7023996c7","Nursing: Registered Nurse - RN","SME 1","SME 3"
"29","c7fd554e-78f4-47a7-ac3d-7abcef0af7a7",1,"Allied: Surgical Technologist Assessment",505,"The sterility of an item should be questioned when:","a stain is seen on the lower end of the wrapper.","5bf86679-c4a2-4463-b984-c0c0dc9d36c7","Surgical Technologist","SME 1","SME 3"
"30","3d4c134a-9dbe-45e3-a0be-cbe98ce3cf48",2,"Radiology: Sonographer Assessment",517,"It is important to know where to locate the gate when sampling velocities in a vessel. The hematocrit is higher in the center of a vessel, and the flow along the walls is slower.","TRUE","13775fce-bf21-4242-87df-9acb6132ebae","Diagnostic Medical Sonographer","SME 1","SME 3"
"31","03e80540-ad72-44ce-9742-871513339429",1,"RN: Case Manager Assessment",507,"During a session, a case manager focuses on the client’s use of stance, gestures, eye behavior, and other posturing. On which of the following communication patterns is the case manager focusing?","Speech kinetics","0c7191f0-70d1-4724-a250-8a7887cc2f35","Care Coordination","SME 1","SME 3"
"32","af87f8f0-bece-4e2a-9afc-5b0624b4d196",2,"RN: ICU Surgical Assessment",415,"What ventilator mode is most appropriate when the patient should have no metabolic work, such as with ARDS, pulmonary edema, or immediately post-arrest?","Assist control (AC)","6dea59b2-779c-49cc-bb4f-370af967e8b2","Nursing: Registered Nurse - RN","SME 1","SME 3"
"33","68c2ff4d-7a34-4f70-bffc-afbfcfc19722",1,"RN: Perianesthesia Assessment",485,"An institution with a perioperative service line which serves patients ages 4 and up should ensure that all registered nurses working in the Phase I PACU have which of the following credentials?","Pediatric Advanced Life Support (PALS)","101e4cee-c609-4070-aea5-9cc3b194455a","Post Anesthesia Care","SME 1","SME 3"
"34","19daf9c1-5319-4a9c-9f4b-4d4d7c8c4230",2,"Radiology: Nuclear Medicine Technologist Assessment",298,"What ancillary pharmaceutical is administered when calculation of a gallbladder ejection fraction is indicated?","Cholecystokinin","4d84bf26-6143-4e51-98ea-fc9a22a35836","Radiology: Nuclear Medicine Technologist Assessment","SME 1","SME 3"
"35","7242a525-9b10-483d-9181-09df82a9730e",2,"RN: Corrections Assessment",398,"Which of the following inmates requires a lower bunk?","19-year-old healthy female inmate in her 22nd week of pregnancy","2ef4b144-9382-4fa6-bba6-a4a600013727","Nursing: Registered Nurse - RN","SME 1","SME 3"
"36","926e543f-1424-4a7a-ad25-354e123d335b",1,"RN: Medical-Surgical Assessment",520,"Mr. Miles is a 44-year-old patient admitted for a post-operative wound infection secondary to a motor vehicle accident. He has a history of hypertension and IDDM; his family reports he uses alcohol excessively and does not maintain his blood pressure or his glucose levels well. On day 2 of his hospital stay, while the nurse is performing her assessment, Mr. Miles appears agitated, complains of nausea and headache, and seems to be somewhat confused. He is making grasping motions in the air. The most likely cause for his symptoms is:","delirium tremens.","0d16062d-4956-47ca-93be-d89129b6bcd8","Medical Surgical","SME 1","SME 3"
"37","5853516b-4c3f-4233-8e07-986eb370a933",1,"RN: ICU Trauma Assessment",473,"BR has a suspected laceration to the bronchus after a penetrating traumatic injury. Which diagnostic test should the nurse anticipate?","Flexible bronchoscopy","f754866b-9324-487c-b28e-063eb0ff9b72","Nursing: Registered Nurse - RN","SME 1","SME 3"
"38","8483903c-7c30-4715-8463-481a277d224c",1,"RN: ICU Pediatric Assessment",253,"The nurse assesses her 14-year-old intubated patient who has suddenly become hypotensive and hypoxic; she discovers absent breath sounds on the left side, tracheal shift to the right, and distended neck veins. What should be done emergently?","Rapid needle thoracentesis","0710e924-5518-49c2-9871-fd67a5d10c35","Pediatric Critical Care","SME 1","SME 3"
"39","27b2086c-93eb-42c1-8aca-edb7431d9afc",1,"RN: ICU Neuro Assessment",409,"Which of the following is the class of medications most commonly used to treat symptoms in a patient with myasthenia gravis?","Anticholinesterase inhibitors","92990cb0-22ea-4c3b-af16-fb639fadbf61","Neurology","SME 1","SME 3"
"40","2d9d100a-6275-4955-bb5e-07baba91b6c9",2,"Lab: Histotechnologist Assessment",296,"The term _____________ is used to describe the chelation complex formed by a dye with a metal mordant.","dye lake","baf7c2f9-363c-4209-984b-d5c5ff7bbb55","Lab: Histotechnologist Assessment","SME 1","SME 3"
"41","2d9d100a-6275-4955-bb5e-07baba91b6c9",2,"Lab: Histotechnologist Assessment",296,"The atomic groups within a dye molecule that confer the property of visible color are called:","chromophores.","ef6ad665-58df-45c0-94d0-22e857bb37a8","Diagnostic Tests","SME 1","SME 3"
"42","c56ed192-a6d1-44f6-a7ae-70369a9687bf",2,"Lab: Medical Technologist (MT) Assessment",395,"A 10 mL first morning clean catch midstream urine specimen was received in the laboratory immediately after collection. Dipstick testing was performed, yielding the following results: <br /><img src=""http://nursecompetency.com/images/MT/MT16.jpg"" class=""img-responsive"" style=""border:0px;"" /><br />Which of the following microscopic analyses would be consistent with the patient’s biochemical testing?","50-100 WBC/hpf; 5-10 RBC/hpf; many bacteria; 2-5 squamous epithelial cells/hpf","16bc2f7e-f4f7-4203-9098-524ee66d9484","Lab: Medical Technologist (MT) Assessment","SME 1","SME 3"
"43","23b5af07-f809-4cd9-b9e3-64a74e7d432c",2,"RN: Emergency Assessment",389,"Graves disease, the most common form of hyperthyroidism, is characterized by:","exophthalmos and pretibial myxedema.","0b5f12bb-b37b-4b45-96bc-a1af869ee4ae","Nursing: Registered Nurse - RN","SME 1","SME 3"
"44","c7fd554e-78f4-47a7-ac3d-7abcef0af7a7",1,"Allied: Surgical Technologist Assessment",505,"Metzenbaums, osteotomes, curettes, and rongeurs are classified as ________________ instruments.","cutting/dissecting","6e871079-741e-484d-89f9-b61db06ed48d","Surgical Technologist","SME 1","SME 3"
"45","4cc35aa1-5400-4366-a1be-2f90447ac05e",1,"Therapy: COTA Assessment",212,"John, a client who had a stroke, was brought to the OT clinic in a wheelchair. The COTA notices that John is slumped in his wheelchair and is leaning to the right. What adaptation could be done to improve his seated posture?","Add support to the side of his trunk.","c11286e6-c229-4954-a86c-467f2a73275a","Occupational Therapy Assistant","SME 1","SME 3"
"46","f63b305d-09ed-4220-a855-8f83d98a7bce",1,"RN: Postpartum Assessment",406,"What is the significance of an elevation of temperature during the first 24 hours after birth?","Dehydration","b1295ba3-54bb-4910-bc29-6bd1d2c7393f","Nursing: Registered Nurse - RN","SME 1","SME 3"
"47","410ecef1-f673-4e86-9c8d-e923c21150ac",1,"LPN: LPN/LVN General Assessment",502,"A pressure ulcer is beginning to develop when ________________ appears.","discoloration/redness","6f8e01e7-3140-4fbd-a2e6-f6b4fbe5429c","Licensed Practical and Licensed Vocational Nurse - LPN","SME 1","SME 3"
"48","c52cbe38-6fa2-4c04-b21b-5c2315654ffd",1,"RN: Hospice/Palliative Care Assessment",512,"The priority intervention necessary to address safety needs for a patient who has expressed suicidal thoughts is:","assessing the patient for any suicidal plans.","d1a6e707-2b5c-45d5-b534-15d72cdfa603","Hospice and Palliative Care","SME 1","SME 3"
"49","a888b897-f9f6-4856-94b9-291d0e25dac0",1,"Radiology: MRI Technologist Assessment",522,"Patients with implanted cardiac pacemakers may undergo MRI exams.","FALSE","8672fe2a-f093-418a-a57a-1ba1fd0ed00b","Radiology","SME 1","SME 3"
"50","af86d3d8-27ff-4213-b478-82b2fa34a088",1,"Lab: Cytotechnologist Assessment",414,"A liquid-based Pap test of a pregnant 30-year-old female presented with boat-shaped cells containing yellow-colored clearing of the cytoplasm. There is no nuclear enlargement or hyperchromasia. These glycogenated or navicular cells are often misinterpreted as:","koilocytes.","79974992-7c1f-432c-93a3-dc5a85f52056","Cytotechnologist","SME 1","SME 3"
"51","94996daa-4d78-426d-b732-95a551489e50",1,"Allied: Emergency Medical Technician Assessment",396,"During transport of a shooting victim, the EMT sees tracheal shifting to the right and progressive neck vein distention. Which finding would the EMT most likely see accompanying these signs that would indicate a tension pneumothorax requiring immediate attention?","Lung sounds are obviously absent on the left side of the chest","160dc541-19d7-4331-8f44-e9ab86ee21d3","Emergency Medical Technicians and Paramedic","SME 1","SME 3"
"52","cdb7eb2a-8810-445a-9fa0-707ec634c5db",1,"RN: Cardiac Catheterization Lab Assessment",372,"The patient has just developed a sustained ventricular tachycardia. His blood pressure is 120/82; he has no symptoms of pulmonary edema; and he is alert and talking with you. The most appropriate initial treatment for this patient is:","amiodarone (Cordarone&reg;) 150 mg IV.","a56dd4bd-e246-43a5-8a85-1ec359904760","Nursing: Registered Nurse - RN","SME 1","SME 3"
"53","89e3e9fd-d2f4-43d4-8aed-dee4ed3f48cb",1,"Therapy: Physical Therapy Assistant (PTA) Assessment",260,"The application of cryotherapy is contraindicated in the patient with:","peripheral vascular disease.","be84116d-7858-4fa4-8f0d-25d68eed2bb5","Physical Therapist Aide","SME 1","SME 3"
"54","27b2086c-93eb-42c1-8aca-edb7431d9afc",1,"RN: ICU Neuro Assessment",409,"When caring for a patient recovering from aneurysmal subarachnoid hemorrhage, the nurse knows that the patient is at greatest risk for vasospasm around day:","7","d22dc162-3fa4-4b0a-be2e-454887a7b559","Neurology","SME 1","SME 3"
"55","f63b305d-09ed-4220-a855-8f83d98a7bce",1,"RN: Postpartum Assessment",406,"Which of the following actions form the primary assessment for the postpartum woman?","Assess her fundus, lochia, and perineum; take vital signs.","99c339ec-d78b-4ee4-8f4e-5818ae484ea9","Postpartum","SME 1","SME 3"
"56","9d9c78e4-7966-4d37-a437-b1b516e9d3ef",1,"Respiratory: Respiratory Therapist Assessment",285,"After the intubation of an adult patient, the respiratory therapist is assessing the chest x-ray for proper tube placement. The tip of the tube is at 2-3 cm above the carina, which indicates that the tube position is:","correct.","8b81dcd6-1e16-4347-991e-cb8ff1d1ecef","Respiratory Therapist","SME 1","SME 3"
"57","c52cbe38-6fa2-4c04-b21b-5c2315654ffd",1,"RN: Hospice/Palliative Care Assessment",512,"In order to support a patient with end-stage cancer and delirium, the hospice nurse should:","keep the patient's environment calm.","cce9c813-e154-464c-b419-5c89e46cff5d","Palliative Care","SME 1","SME 3"
"58","57be686f-1fd8-4fde-ba16-e31f75fb49d6",2,"RN: Acute Rehabilitation Assessment",373,"The most common cause of spinal cord injuries is:","motor vehicle accidents.","6b65f282-d83d-452f-b989-69bdc977e785","HealthStream Assess","SME 1","SME 3"
"59","97a31324-80d0-4030-8c31-2905695fe66c",1,"RN: Telemetry Assessment",487,"A patient presents with palpitations, chest pain, restlessness, anxiety, hypotension, and pale, cool skin. The telemetry nurse interprets these symptoms as evidence of a:","tachydysrhythmia.","e55eb38c-b04f-49b1-b301-4e539c9560ff","Cardiac Disorders","SME 1","SME 3"
"60","af87f8f0-bece-4e2a-9afc-5b0624b4d196",1,"RN: ICU Surgical Assessment",415,"A patient in the surgical ICU has received 10 units of PRBCs over the last 12 hours. Which of the following lab values are most likely to be elevated?","Potassium","96106944-6dea-4bf2-adba-d2352edca000","Medical Surgical","SME 1","SME 3"
"61","551aa182-168f-4459-a332-f8b3580c55f1",1,"Lab: Medical Lab Technician (MLT) Assessment",394,"Which of the following should cause specimen rejection for platelet aggregation studies?","The sample is hemolyzed.","52c1b63f-d429-425b-b457-f398a8c506a7","Medical Lab Technician","SME 1","SME 3"
"62","af86d3d8-27ff-4213-b478-82b2fa34a088",2,"Lab: Cytotechnologist Assessment",414,"A liquid-based Pap test was obtained from a 35-year-old female. Clinical symptoms include a malodorous vaginal discharge and a “strawberry” cervix. Cytologic findings include small oval- or pear-shaped extracellular organisms that measure 1-20 microns with red cytoplasmic granules. The nucleus is eccentric and can often be seen singly, in clusters, or aggregates. These findings are most consistent with an infection caused by:","<i>Trichomonas vaginalis</i>.","adb39149-d67e-4cdb-a39f-d809751f9c98","Diagnostic Tests","SME 1","SME 3"
"63","fcac8de3-1cf1-4f55-80c7-311c445ae49c",1,"Fetal Monitoring Assessment",225,"<img src='http://www.healthstream.com/content/nursecompetency/FetalMonitoring/9.jpg' border='0' /> <br/>What is the name of the second deceleration pictured in the tracing seen above?","Variable","2304ad20-8c29-4f2d-80d6-51495905068a","Labor and Delivery","SME 1","SME 3"
"64","3ff08c60-5caf-4c76-8a22-d230ab85c542",2,"Allied: Cardiovascular Technologist Assessment",482,"You are assisting with an endomyocardial biopsy for a heart transplant patient. In order to reduce the risk of cardiac perforation when using the bioptome, the jaws should be opened:","inside the sheath before advancing the bioptome to the myocardium.","45122266-fb06-4e41-b38c-9bd1bd86648d","Cardiovascular Technologist and Technician","SME 1","SME 3"
"65","2753074c-6c79-4384-80f3-242c3f5ac6b8",2,"RN: Behavioral Health Assessment",519,"Sheila, a 42-year-old client with anxiety problems, is upset because her boyfriend did not visit this weekend. Despite the fact that he has been coming to visit her on a weekly basis, she says, “I knew he would do this. He is selfish and does not care about me.” Which of the following is Sheila demonstrating?","Splitting","de55320e-e705-4b51-9136-9e682b2bd411","RN: Behavioral Health Assessment","SME 1","SME 3"
"66","a709bd73-be3e-4c70-abe0-6fb4525e2358",1,"Allied: Behavioral Health Technician Assessment",479,"An individual who has been working with a behavioral health technician for the past 9 months begins to develop feelings for him. The individual is not aware of it but the attraction is rooted in the fact that the behavioral health technician reminds the individual of a previous intimate partner. This is an example of:","transference.","c95d5e36-f3fd-4bc7-af37-fcb9b37990a8","Behavioral Health","SME 1","SME 3"
"67","457d9418-4ec2-4c07-b062-c8c7e93eb588",1,"Pharmacology: RN Assessment",309,"Infection prevention is a primary focus when caring for a patient with a central vascular access device (VAD), especially if the patient has cancer or is otherwise immunocompromised. What should the nurse do to prevent infection when finshed using an accessed VAD?","Flush the VAD with normal saline and heparin; remove the access needle.","4666e08f-7c8d-4d70-a954-8d011e555e25","Medications","SME 1","SME 3"
"68","53fe3057-aa53-4a7a-938b-af51ec0ea425",2,"Allied: Medical Social Worker Assessment",428,"When someone is dying, it may be difficult for that individual to relate to others (and vice versa). According to Elisabeth Kübler-Ross, under which stage of dying would this be categorized?","Anger","f0d23e7f-94b3-453f-94e3-8621cf1dbeca","Allied: Medical Social Worker Assessment","SME 1","SME 3"
"69","68c2ff4d-7a34-4f70-bffc-afbfcfc19722",1,"RN: Perianesthesia Assessment",485,"Which of the following problems can occur postoperatively in the elderly patient?","Cognitive impairment","0439e340-8a8a-4058-a601-e65e947c660e","Nursing: Registered Nurse - RN","SME 1","SME 3"
"70","410ecef1-f673-4e86-9c8d-e923c21150ac",1,"LPN: LPN/LVN General Assessment",502,"What is a symptom of a fracture?","Pain in the injured area that worsens with movement or pressure","4d90dac8-ae9b-4fa0-b2ec-3149a30a57bd","Licensed Practical and Licensed Vocational Nurse - LPN","SME 1","SME 3"
"71","8483903c-7c30-4715-8463-481a277d224c",1,"RN: ICU Pediatric Assessment",253,"Which sedative causes least respiratory depression?","Chloral hydrate (Noctec&reg;)","3c72797b-51aa-4f48-a456-ff11010b7419","Pediatric Critical Care","SME 1","SME 3"
"72","43a4e179-9a02-4dd1-8a94-4158cd6ae0dd",2,"Radiology: Mammography Technologist Assessment",301,"According to the Mammography Quality Standards Act, a radiologic technologist must earn how many continuing education credits?","15 hours every 3 years","fd3bc452-06c9-4dcc-aaad-4b5fffb6bdce","Radiologic Technologist","SME 1","SME 3"
"73","c383d71b-444e-4ba3-80a9-624d5244c4aa",2,"Allied: Medical Assistant Assessment",501,"What is the name of the buttock muscle(s) used for deep intramuscular (IM) injection?","Gluteal group","f2ac464b-d088-44b7-9359-95733abc6c91","Allied: Medical Assistant Assessment","SME 1","SME 3"
"74","660b0810-244f-4be6-b190-9ae766f5fa4b",1,"Pharmacology: LPN/LVN Assessment",284,"An order was written for a medication with the dosage 0.5 g po qid. The pharmacy has 250 mg capsules available. How many capsules will be needed for a 24-hour period?","8","a9677802-cf76-4c10-bc36-31e396042487","Pharmacology","SME 1","SME 3"
"75","660b0810-244f-4be6-b190-9ae766f5fa4b",1,"Pharmacology: LPN/LVN Assessment",284,"The major hazards of opioids are:","respiratory/circulatory depression.","f2b21e90-b1da-452b-8d92-6e12ba0fc96d","Pharmacology","SME 1","SME 3"
"76","1ff3dedb-bf84-4b99-aa9c-fece4cc8e0ca",1,"RN: Endoscopy Assessment",381,"Patients should be made aware at the time of informed consent that if a serious complication arises during the procedure, such as perforation, that they will immediately be taken to surgery for surgical intervention.","TRUE","99a5fd66-6f0b-41c7-bdad-abb0ea61df22","Nursing: Registered Nurse - RN","SME 1","SME 3"
"77","3d4c134a-9dbe-45e3-a0be-cbe98ce3cf48",2,"Radiology: Sonographer Assessment",517,"Which arteries in the kidneys will show the most lateral aspect of blood flow?","Arcuate arteries","d8b6c491-6de8-4a6f-8527-c4d7347aba07","Radiology: Sonographer Assessment","SME 1","SME 3"
"78","1ff3dedb-bf84-4b99-aa9c-fece4cc8e0ca",2,"RN: Endoscopy Assessment",381,"Which of the following is a patient instructed to <b>avoid</b> until the capsule ingested for capsule endoscopy is known to have passed out of the patient&#39;s gastrointestinal tract?","Magnetic resonance imaging (MRI)","3dcf9ec4-afd4-40f1-8a67-8078f5864e9f","Gastrointestinal Care","SME 1","SME 3"
"79","c52cbe38-6fa2-4c04-b21b-5c2315654ffd",1,"RN: Hospice/Palliative Care Assessment",512,"The nurse is caring for a patient receiving patient-controlled analgesia (PCA) for pain management during end-of-life care. The patient using PCA:","initiates pain relief as needed.","61645501-5f33-4b5f-b107-fc52ecac370a","Palliative Care","SME 1","SME 3"
"80","c56ed192-a6d1-44f6-a7ae-70369a9687bf",2,"Lab: Medical Technologist (MT) Assessment",395,"For therapeutic drug monitoring, what is generally the optimal time to collect a sample for a peak drug level?","45-60 minutes after a dose","c1f2dec9-c8f0-4e37-a347-2b4b5fb83f14","Medications","SME 1","SME 3"
"81","72864d5c-c90a-4220-8c86-5bd105e4aa01",1,"Cardiac Rhythm Identification - Basic Assessment",421,"<img width='900'  border='0' src='http://www.healthstream.com/content/nursecompetency/Rhythms/1stDegreeHB.jpg' />","First-degree atrioventricular (AV) block","10e74aa7-ec9d-40e9-ab7a-ac301b60131b","Cardiac Rhythms","SME 1","SME 3"
"82","7242a525-9b10-483d-9181-09df82a9730e",1,"RN: Corrections Assessment",398,"Inmates have the right to refuse their medications.","TRUE","30924999-5715-4322-9631-8734f495fa63","Correctional","SME 1","SME 3"
"83","7ae445fa-1eb0-482e-b7f0-5d2e022dfad9",1,"RN: Hemodialysis Assessment",217,"Patient and machine parameters during treatment are carried out and documented at a minimum of every _____ minutes.","30","deb2a9e3-f813-4c77-949b-400533c7f55d","Medical Equipment","SME 2","SME 3"
"84","67012535-ad91-47b8-b70c-2244d9e59529",1,"Therapy: Occupational Therapist (OT) Assessment",523,"The client has ulnar nerve damage in his non-dominant hand. He works as a handyman. What part of his job may need to be modified?","Carrying paint buckets with his non-dominant hand","9c139754-7db1-4550-a40a-46f8008edbc5","Occupational Therapist","SME 2","SME 3"
"85","5a063a46-9f0b-4883-a2b8-ab40f96ec824",1,"RN: ICU Medical Assessment",433,"A patient is admitted to the Medical ICU with suspected cervical spinal cord injury following a motor vehicle accident. The most important nursing intervention for this patient is to:","immobilize his head.","6cf9894e-dae0-41d5-99fe-449830aaecb3","Nursing: Registered Nurse - RN","SME 2","SME 3"
"86","94996daa-4d78-426d-b732-95a551489e50",3,"Allied: Emergency Medical Technician Assessment",396,"Why do EMTs immobilize the spines of trauma patients reporting back pain?","To minimize damage to the spinal cord","67c75576-de46-455f-8aac-3e1994c41a49","Clinical Basics","SME 2","SME 3"
"87","c383d71b-444e-4ba3-80a9-624d5244c4aa",1,"Allied: Medical Assistant Assessment",501,"During the macroscopic phase of the urinalysis, the medical assistant might note a milky or cloudy quality of the urine sample. What could cause this milky/cloudy quality?","Bacteria","2c45660b-3098-4a13-89c9-d3a6664ff78f","Laboratory","SME 2","SME 3"
"88","57be686f-1fd8-4fde-ba16-e31f75fb49d6",1,"RN: Acute Rehabilitation Assessment",373,"What is the priority nursing diagnosis for a patient experiencing acute compartment syndrome?","Risk for peripheral neurovascular dysfunction","a67112fe-b0b6-4bd0-a165-a13721d4da6f","Rehabilitation","SME 2","SME 3"
"89","457d9418-4ec2-4c07-b062-c8c7e93eb588",1,"Pharmacology: RN Assessment",309,"A provider order has been received for MS 4 mg IV q4h prn. Within this order, what appears on The Joint Commission&#39;s Official 'Do Not Use' List?","MS","b5295825-4904-4579-9020-87e8ad467a0c","Medications","SME 2","SME 3"
"90","67dfb286-67bf-4e7f-bd9e-37554b21d68b",1,"Therapy: Physical Therapist (PT) Assessment",471,"An example of a fan-shaped muscle is the:","gluteus minimus.","86d746ec-623b-42ac-b71d-9c05706621e4","Orthopedic Care","SME 2","SME 3"
"91","97a31324-80d0-4030-8c31-2905695fe66c",2,"RN: Telemetry Assessment",487,"Prior to administering digoxin (Lanoxin&reg;) to a patient, the nurse assesses the:","apical pulse for 1 minute.","10174505-fa74-4605-bd6d-e91b48377959","Nursing: Registered Nurse - RN","SME 2","SME 3"
"92","a709bd73-be3e-4c70-abe0-6fb4525e2358",2,"Allied: Behavioral Health Technician Assessment",479,"Which classification of fires involves ordinary combustibles such as paper and trash?","Class A","4030a671-0e9d-40bf-a74d-813a9032db4d","http://healthstream.poolparty.biz/HSTMTaxonomy/d64811fb-81b1-4a60-b141-ab8e158fd694","SME 2","SME 3"
"93","67dfb286-67bf-4e7f-bd9e-37554b21d68b",1,"Therapy: Physical Therapist (PT) Assessment",471,"Ultrasound:","has energy that is absorbed by soft tissue.","6e9d37fe-801b-40ea-a7e0-ca62895a67e1","Medical Equipment","SME 2","SME 3"
"94","dd5f6814-a43c-4d8a-bf88-d91121d3478b",1,"Therapy: Speech Language Pathologist Assessment",469,"In what population are pitch breaks in voice typically seen?","Adolescents","79e1e1fd-0d48-42f6-81ab-64afbc0a4a94","Speech-Language Pathologist","SME 2","SME 3"
"95","a709bd73-be3e-4c70-abe0-6fb4525e2358",1,"Allied: Behavioral Health Technician Assessment",479,"Which of the following substance use disorder criteria was included in the DSM-IV but was left out of the DSM-V?","Recurrent substance-related legal problems","1ec41b8d-8e1a-4a02-b5da-bce6d7501041","Psychiatric Aide","SME 2","SME 3"
"96","68c2c0e0-0308-4ec6-b820-0e421da089d7",1,"RN: Perioperative Assessment",508,"Which of the following statements demonstrates the evaluation phase for an inguinal herniorrhaphy plan of care?","The patient will not experience urinary retention.","8261e81e-27e8-42cb-be03-c72e91bad2eb","Perioperative","SME 2","SME 3"
"97","c7fd554e-78f4-47a7-ac3d-7abcef0af7a7",1,"Allied: Surgical Technologist Assessment",505,"What is the Universal Protocol for preventing wrong site surgery called?","Time-out","c472b2ac-17b2-4757-ba12-076bc7feafe7","Surgical Technologist","SME 2","SME 3"
"98","5a063a46-9f0b-4883-a2b8-ab40f96ec824",1,"RN: ICU Medical Assessment",433,"The most common early complication of myocardial infarction is:","cardiac dysrhythmia.","6f89ac4b-05ba-4f62-8c21-fd377ee7698c","Nursing: Registered Nurse - RN","SME 2","SME 3"
"99","19daf9c1-5319-4a9c-9f4b-4d4d7c8c4230",1,"Radiology: Nuclear Medicine Technologist Assessment",298,"In addition to myocardial perfusion studies, Tc99m sestamibi is FDA-approved for:","lymphoscintigraphy of breast tumors.","322206cd-bc45-4563-babc-1ceaeaa22cbc","Radiology","SME 2","SME 3"
"100","dd5f6814-a43c-4d8a-bf88-d91121d3478b",1,"Therapy: Speech Language Pathologist Assessment",469,"Language testing is used to determine if a child has a language impairment; it is based on the normal curve, or bell curve. A patient scored a standard score of 77 on the expressive portion of a standardized language test. This score suggests language skills:","below normal limits for his age.","24223876-42ad-4cf3-aa87-5c41fb4e27d3","Speech-Language Pathologist","SME 2","SME 3"
"101","5853516b-4c3f-4233-8e07-986eb370a933",1,"RN: ICU Trauma Assessment",473,"PK sustained extensive brain trauma in an ATV rollover. His vital signs are stable with a Glasgow Coma Score of 5T (does not open eyes = 1, no verbal response, intubated = 1T, flexion to painful stimuli = 3). The trauma nurse notes a sudden, marked increase in clear urine output and suspects:","diabetes insipidus.","cf6d2650-d884-41ee-aa2f-49db17c8dddc","Trauma Center","SME 2","SME 3"
"102","2ca33ed7-9bc2-44e0-bae1-5cec06ac306d",1,"Lab: Phlebotomy Technician Assessment",252,"If there is no alternate vein from which to draw, the phlebotomist should perform venipuncture distal to a hematoma.","TRUE","439da835-8543-48e5-a6ac-d764d70c925e","Phlebotomist","SME 2","SME 3"
"103","6f8b3528-1427-450f-92f4-6fc159f6b0a3",1,"Radiology: Radiology Technologist Assessment",261,"Regardless of what portion of the body is being imaged, when x-rays are directed toward the head or upper part of the body, the angulation is:","cephalad.","5c1cca94-b273-43bd-ac5d-e1101f2dd0f7","Radiologic Tests","SME 2","SME 3"
"104","68ec3bbe-b95f-48c9-a6f6-7bd0ee6dbdb7",1,"Pharmacology: Corrections RN Assessment",521,"Digoxin (Lanoxin&reg;) 0.25 mg is ordered. Digoxin (Lanoxin&reg;) is available as 0.125 mg per tablet. How many tablets should be administered?","2 tablets","353b8f3b-3ca0-49e0-a302-cd75187992ba","Correctional","SME 2","SME 3"
"105","551aa182-168f-4459-a332-f8b3580c55f1",2,"Lab: Medical Lab Technician (MLT) Assessment",394,"When preparing slides by the two-slide method, which of the following is true?","The smear should cover one-half to three-fourths of the slide.","1a75787d-b56d-46a3-b807-3186eb641a3c","HealthStream Assess","SME 2","SME 3"
"106","72864d5c-c90a-4220-8c86-5bd105e4aa01",1,"Cardiac Rhythm Identification - Basic Assessment",421,"<img width='900'  border='0' src='http://www.healthstream.com/content/nursecompetency/Rhythms/AFlutter.jpg' />","Atrial flutter","b3f9d990-9b05-4d0d-8b06-f726bbf3fb78","Cardiac Rhythms","SME 2","SME 3"
"107","a888b897-f9f6-4856-94b9-291d0e25dac0",1,"Radiology: MRI Technologist Assessment",522,"The scan time for a 3D pulse sequence is equal to the scan time for a 2D pulse sequence.","FALSE","8190fff6-22a9-484e-ae1f-546ab6ee9daf","Radiology","SME 2","SME 3"
"108","4c318720-943d-417d-9395-0e73f39398de",1,"RN: Oncology Assessment",483,"A patient has been taking morphine every 4 hours as needed for pain and now reports mild pain, but it is not yet time for another dose of morphine. Which of the following actions should the oncology nurse take next?","Suggest an alternative to medication, such as mind-body interventions.","71d4679a-4b1b-41a9-902b-9270d6da2b46","Oncology","SME 2","SME 3"
"109","1ff3dedb-bf84-4b99-aa9c-fece4cc8e0ca",2,"RN: Endoscopy Assessment",381,"Which of the following is a major function of the stomach?","Acid secretion","03f26004-6a5d-4fec-89f7-6a4f73627c06","Clinical Basics","SME 2","SME 3"
"110","8483903c-7c30-4715-8463-481a277d224c",1,"RN: ICU Pediatric Assessment",253,"A standard transfusion rate for PRBCs is:","10 mL/kg over 2-4 hours.","b30f809c-94f8-4d98-b0e5-ca31699d2e37","Pediatric Critical Care","SME 2","SME 3"
"111","fcac8de3-1cf1-4f55-80c7-311c445ae49c",1,"Fetal Monitoring Assessment",225,"Which of the following could potentially explain the FHR pattern in Question #18?","PROM, 39 weeks, Temperature 101°","2d3d05f6-d4bd-43cb-a6a7-3a188358f87d","Obstetric Care","SME 2","SME 3"
"112","a6a89ed1-990b-4536-a4e9-271e38f871ac",2,"CNA: Certified Nursing Assistant Assessment",210,"Which temperature should the CNA report to the nurse immediately?","103.5°F (39.7°C)","81c686f3-bba8-4018-a966-04b2e40f1b08","CNA: Certified Nursing Assistant Assessment","SME 2","SME 3"
"113","3d4c134a-9dbe-45e3-a0be-cbe98ce3cf48",1,"Radiology: Sonographer Assessment",517,"Which of the following characteristics may breast malignancies demonstrate on ultrasound?","Taller-than-wide orientation","cb7d2685-f49a-4c23-a897-b0f4f1cab421","Radiologic Technologist","SME 2","SME 3"
"114","1ff3dedb-bf84-4b99-aa9c-fece4cc8e0ca",1,"RN: Endoscopy Assessment",381,"Helicobacter pylori is a gram-negative bacterium that inhabits the small intestine.","FALSE","d5482e41-c807-46fc-b096-853c48ad4d1a","Nursing: Registered Nurse - RN","SME 2","SME 3"
"115","c7fd554e-78f4-47a7-ac3d-7abcef0af7a7",1,"Allied: Surgical Technologist Assessment",505,"Flash sterilization is used:","only when absolutely necessary.","c28f244d-c327-4d20-bfb6-b1e616ea112e","Surgical Technologist","SME 2","SME 3"
"116","23b5af07-f809-4cd9-b9e3-64a74e7d432c",2,"RN: Emergency Assessment",389,"A 55-year-old man has recently been diagnosed with hypertension. The provider orders a low-sodium diet for the patient. What should the nurse’s initial response be when the patient asks, “What does salt have to do with high blood pressure?”","“Too much salt in your diet can cause you to retain fluid, and that increases your blood pressure.”","cb41742d-03b2-481a-9546-3fec062a232d","Emergency","SME 2","SME 3"
"117","cdb7eb2a-8810-445a-9fa0-707ec634c5db",1,"RN: Cardiac Catheterization Lab Assessment",372,"Equalization of the right and left atrial pressures is seen with:","cardiac tamponade.","ffcfa165-191e-43b3-8451-df567033b0bc","Cardiac Catheterization","SME 2","SME 3"
"118","904cfd16-2758-466c-8b11-d6ad62bb19e4",1,"Allied: Pharmacy Technician: Hospital Assessment",288,"You have received a prescription that reads 2 gtt AU BID. What will be printed on the label placed on the prescription bottle?","Two drops in both ears two times daily","d7ebecd7-4fee-4bf2-adc3-4a3aa381a96f","Hospital","SME 2","SME 3"
"119","968f57d0-5085-46b4-8341-e528086e9216",2,"RN: Home Health Assessment",513,"A patient who had a stroke has right-sided weakness. When assisting the patient to walk, the home health nurse should stand:","on the patient’s right side.","d3097943-1f51-46e6-9940-3ceae4ce391d","Home Health","SME 2","SME 3"
"120","904cfd16-2758-466c-8b11-d6ad62bb19e4",1,"Allied: Pharmacy Technician: Hospital Assessment",288,"Flexeril&reg; is the brand name for cyclobenzaprine. The drug is use in the treatment of:","muscle spasm.","48a6b863-ea78-40b1-80f7-c14406e2752b","Pharmacy Aide","SME 2","SME 3"
"121","4c318720-943d-417d-9395-0e73f39398de",1,"RN: Oncology Assessment",483,"The purpose of performing a lumbar puncture on a 10-year-old patient with a diagnosis of leukemia is to:","determine whether leukemia has invaded the central nervous system.","780f0a96-ad21-4bed-b576-6715b2713835","Oncology","SME 2","SME 3"
"122","53fe3057-aa53-4a7a-938b-af51ec0ea425",2,"Allied: Medical Social Worker Assessment",428,"Intimate partner violence is a ____________ problem.","preventable","ccea7c63-3a8e-436a-acb4-3144d89510a6","Abuse","SME 2","SME 3"
"123","89e3e9fd-d2f4-43d4-8aed-dee4ed3f48cb",1,"Therapy: Physical Therapy Assistant (PTA) Assessment",260,"An active lifestyle is a factor in the development of hypomobility of soft tissue.","FALSE","18cf2d4f-0076-49be-8530-7b993f2f73e8","Physical Therapist Assistant","SME 2","SME 3"
"124","67d0b631-3493-44da-8cd6-54ba7f22dde8",1,"RN: Nursery Assessment",413,"In which of the following male newborns would circumcision be contraindicated?","Baby K., who has been diagnosed with hypospadias","d9f270f4-ceaa-4eeb-8ea2-c74e627e9ea4","Neonatal care","SME 2","SME 3"
"125","926e543f-1424-4a7a-ad25-354e123d335b",1,"RN: Medical-Surgical Assessment",520,"A patient is receiving gentamicin (Garamycin&reg;) IV for treatment of a wound infection. Knowing this drug is ototoxic, the nurse should:","instruct the patient to report any signs of tinnitus, dizziness, or difficulty hearing.","3737d64b-21cd-4a29-9ddf-539af40afdf9","Medical Surgical","SME 2","SME 3"
"126","67d0b631-3493-44da-8cd6-54ba7f22dde8",1,"RN: Nursery Assessment",413,"Which of the following breastfed infants could benefit most from the mother's use of a nipple shield?","Baby S., who is 37 weeks’ gestation and has an immature suck","41f645fd-ecef-4cd0-9d07-9292a70d6ce9","Neonatal care","SME 2","SME 3"
"127","e19c5705-fc7d-43fe-9399-a82b6f68d3cd",1,"Pharmacology: Pediatric RN Assessment",248,"Which of the following medication classes would be ordered to treat anaphylaxis?","Adrenergics","6950dcad-a20e-4e40-aa4a-5ccde4834209","Pediatric Care","SME 2","SME 3"
"128","cdb7eb2a-8810-445a-9fa0-707ec634c5db",1,"RN: Cardiac Catheterization Lab Assessment",372,"Patients should be warned about a possible painful burning sensation in the shoulder caused by injections into which of the following?","Internal mammary artery","e8fef442-1db4-47f6-989a-a8080c028693","Nursing: Registered Nurse - RN","SME 2","SME 3"
"129","7242a525-9b10-483d-9181-09df82a9730e",1,"RN: Corrections Assessment",398,"The Prison Rape Elimination Act (PREA) applies to all public and private institutions that house adult or juvenile offenders and is also relevant to community-based agencies. It addresses both inmate-on-inmate sexual abuse and staff sexual misconduct. Which statement is most correct?","Fewer juveniles were involved with both male and female staff than juveniles who were involved with female staff.","4110b14f-50f3-40cd-b406-e83cc9f67f74","Correctional Facility","SME 2","SME 3"
"130","904cfd16-2758-466c-8b11-d6ad62bb19e4",1,"Allied: Pharmacy Technician: Hospital Assessment",288,"You have received a prescription that reads 2 gtt AU BID. What will be printed on the label placed on the prescription bottle?","Two drops in both ears two times daily","4dfb402e-e761-4f2d-b380-4ee2112e71c8","Pharmacy Technician","SME 2","SME 3"
"131","67012535-ad91-47b8-b70c-2244d9e59529",1,"Therapy: Occupational Therapist (OT) Assessment",523,"The client has achieved full independence with ADLs, but she continues to display a flat affect. She was recently diagnosed with a major depressive disorder. In order to increase her health and well-being, it may be necessary to explore her:","social relationships.","f2abd223-5b76-4997-ba65-c297099b4953","Occupational Therapist","SME 2","SME 3"
"132","a888b897-f9f6-4856-94b9-291d0e25dac0",1,"Radiology: MRI Technologist Assessment",522,"The frequency difference between fat and water that can be used to specifically null the signal from either fat or water is called the:","chemical shift.","5a7b6e4c-983d-4907-b335-634656fcba5d","Radiologic Technologist","SME 2","SME 3"
"133","a709bd73-be3e-4c70-abe0-6fb4525e2358",1,"Allied: Behavioral Health Technician Assessment",479,"Which of the following is an example of an open-ended question?","“How can I help you achieve your goals?”","a3ac48b4-49d8-4e97-9ecd-9fc1941061c9","Psychiatric Care","SME 2","SME 3"
"134","9fd59f29-14be-4eec-9bc4-da1039af7fc6",1,"RN: Progressive Care Assessment",434,"On the horizontal axis of the ECG tracing paper, each small box is equal to:","0.04 seconds.","0923829a-3bda-4785-90e3-0dfbf5fa0ae3","Progressive Care","SME 2","SME 3"
"135","3d97d090-50b3-469f-a402-9bb921a76c5f",1,"RN: Pediatric Assessment",472,"The nurse is caring for a pediatric patient with paraplegia due to an all-terrain vehicle accident 2 years earlier. Currently, the patient is admitted with complications of pneumonia. The patient reports a terrible headache and blurred vision. The nurse quickly assesses the patient and finds an increased pulse rate, elevated blood pressure, and profuse sweating. The nurse knows that these symptoms most likely indicate:","autonomic dysreflexia.","16400cbb-7b45-49a0-9e2f-c19293064a14","Pediatric Disorders","SME 2","SME 3"
"136","f5cbc637-10bb-43e1-8413-2f64af5fe936",2,"RN: ICU Cardiovascular Assessment",379,"A patient was admitted to the CVICU with a diagnosis of acute MI. Her ECG shows ST-segment elevations in leads V1, V2, V3, and V4. After she is connected to the cardiac monitor, the nurse assesses that she has a third- degree heart block. Which of the following interventions will most effectively stabilize her cardiac rhythm?","Temporary pacemaker","2bd2754b-a64a-4a59-b70b-e958906449c7","Cardiac Care","SME 2","SME 3"
"137","68c2ff4d-7a34-4f70-bffc-afbfcfc19722",1,"RN: Perianesthesia Assessment",485,"A PCA pump is one method used in post-operative pain management. Which of the following is true regarding PCA?","It allows the patient to treat his/her pain.","bd0d1cb7-0b6f-40ed-94d3-56e04b21e38d","Nursing: Registered Nurse - RN","SME 2","SME 3"
"138","457d9418-4ec2-4c07-b062-c8c7e93eb588",1,"Pharmacology: RN Assessment",309,"A provider order has been received for a dobutamine (Dobutrex&reg;) drip at 7 mcg/kg/min. The patient&#39;s weight is 220 lbs. How many milligrams per hour should be given?","42 mg/hr","88303de6-2b31-4fc4-a52f-f40f1db67000","Pharmacology","SME 2","SME 3"
"139","f5cbc637-10bb-43e1-8413-2f64af5fe936",2,"RN: ICU Cardiovascular Assessment",379,"A 70-year-old woman is admitted to the CVICU. The nurse&#39;s assessment findings reveal jugular vein distension and bilateral clear breath sounds. Her ECG reveals ST segment elevation in leads II, III, and aVF; hemodynamic readings reveal BP 100/70, HR 110, PA 28/12, PCWP 12, CVP 18, CO<sub>2</sub> 4.4, CI 2.2. The type of myocardial infarction represented by the ECG changes is:","inferior wall.","6a333b06-e1b6-47e6-adfc-695d3817f230","Cardiac Disorders","SME 2","SME 3"
"140","5853516b-4c3f-4233-8e07-986eb370a933",1,"RN: ICU Trauma Assessment",473,"JP is admitted to the Trauma ICU with a left-sided subdural bleed. The trauma ICU nurse should contact the physician and anticipate emergent interventions if the intracranial pressure exceeds:","20-25 mmHg.","d1b67d79-bec3-4b62-9b02-0dc4689e0d66","Nursing: Registered Nurse - RN","SME 2","SME 3"
"141","8b82e5e0-004c-4868-a54e-8be898285796",3,"Allied: Dietician Assessment",480,"The wrong way to staunch flames caused by a grease fire in the kitchen is to:","douse with water.","576598c2-d980-4dc9-8fed-adc8dc70a085","HealthStream Assess","SME 2","SME 3"
"142","c52cbe38-6fa2-4c04-b21b-5c2315654ffd",1,"RN: Hospice/Palliative Care Assessment",512,"A patient has been given a 6-month prognosis and would like to die at home. The patient’s needs cannot be met in her home. The nurse may suggest placement in:","hospice care.","92eb9fc5-f9ee-499e-816b-fe1b9724d7ca","Nursing: Registered Nurse - RN","SME 2","SME 3"
"143","0d779224-1811-485c-947b-b5457e7d4245",1,"RN: Long-Term Care (LTC) Assessment",408,"Stress incontinence occurs when there is:","leakage of urine when coughing, sneezing, and laughing.","86f5117e-6ffd-4a82-bbf2-1d3210c4e2cd","Long Term Care","SME 2","SME 3"
"144","f63b305d-09ed-4220-a855-8f83d98a7bce",1,"RN: Postpartum Assessment",406,"Ms. T. is a 25-year-old patient who gave birth vaginally with epidural anesthesia. Eighteen hours ago, she developed a spinal headache; she just returned from having an epidural blood patch. Which of the following statements would the postpartum nurse expect to use during post-procedural teaching for this patient?","“Avoid straining with bowel movements so that you do not risk dislodging the blood patch.”","f2e00007-3108-4b45-916b-4ef5ce11429a","Postpartum","SME 2","SME 3"
"145","af86d3d8-27ff-4213-b478-82b2fa34a088",1,"Lab: Cytotechnologist Assessment",414,"A 56-year-old male presented with a hilar mass. A fine needle aspiration was performed; cells showed the following cytomorphological features: large atypical oval to polygonal cells, dense cytoplasm, centrally placed nuclei, and some keratinization with inflammatory and necrotic background. The nuclei are large and very pyknotic.  What is the most likely diagnosis?","Squamous cell carcinoma","a5cae67f-1ee7-46f3-853d-5b63563f2df8","Laboratory","SME 2","SME 3"
"146","af87f8f0-bece-4e2a-9afc-5b0624b4d196",1,"RN: ICU Surgical Assessment",415,"A patient in the surgical ICU was admitted after a low anterior pelvic resection of bowel due to extensive metastatic cancer. Today’s laboratory values include: WBC 16.8 with 20 bands, PLT 25, D-dimer 6250. The surgical ICU nurse notices bruising on the patient’s arms and legs. What diagnosis does the nurse suspect?","Disseminated intravascular coagulation","bdd51db8-c6dc-411a-af8a-f11b1c9ee34a","Medical Surgical","SME 2","SME 3"
"147","3d97d090-50b3-469f-a402-9bb921a76c5f",1,"RN: Pediatric Assessment",472,"The pediatric nurse is caring for a patient who took a large amount of acetaminophen (Tylenol®) in an attempt to commit suicide. This patient is wondering why she is still in the hospital when she “feels fine.” The nurse understands that damage can occur for 24-36 hours after an overdose to which vital organ?","Liver","b5636ad8-542f-4bd2-bb38-c2b97050c8a8","Nursing: Registered Nurse - RN","SME 2","SME 3"
"148","57be686f-1fd8-4fde-ba16-e31f75fb49d6",1,"RN: Acute Rehabilitation Assessment",373,"The most common cause of spinal cord injuries is:","motor vehicle accidents.","6405bedf-8670-44ee-9747-4cebbceac782","Nursing: Registered Nurse - RN","SME 2","SME 3"
"149","3ff08c60-5caf-4c76-8a22-d230ab85c542",2,"Allied: Cardiovascular Technologist Assessment",482,"Dyskinetic wall motion refers to:","motion opposite of normal.","996a3cec-473a-471b-93c4-ebf5c0e35232","Vascular Access","SME 2","SME 3"
"150","f63b305d-09ed-4220-a855-8f83d98a7bce",1,"RN: Postpartum Assessment",406,"Which of the following factors will delay normal involution?","Bladder distention","df3876ff-aaae-453c-a8cf-e630012222fe","Nursing: Registered Nurse - RN","SME 2","SME 3"
"151","9bc5091e-3d88-4095-bb77-da5cde62c871",2,"Radiology: CT Technologist Assessment",311,"How long would it take to inject 100 mL of fluids at a rate of 2.5 mL/second?","40 seconds","2b1ce13a-2114-4894-9da1-f5f09332cce8","HealthStream Assess","SME 2","SME 3"
"152","2d9d100a-6275-4955-bb5e-07baba91b6c9",2,"Lab: Histotechnologist Assessment",296,"In the Fite method for demonstration of <i>Mycobacterium leprae</i>, what color are the acid-fast organisms stained?","Red","c43173d3-fe5a-4cae-a44a-61f17aa6a522","Histotechnologists and Histologic Technician","SME 2","SME 3"
"153","9bc5091e-3d88-4095-bb77-da5cde62c871",2,"Radiology: CT Technologist Assessment",311,"A delayed scan of the lower extremities is routinely acquired following a CTA of the pulmonary arteries in order to detect:","deep vein thrombosis.","0cc9150b-95fe-4289-9132-db5669698182","Radiology: CT Technologist Assessment","SME 2","SME 3"
"154","67dfb286-67bf-4e7f-bd9e-37554b21d68b",1,"Therapy: Physical Therapist (PT) Assessment",471,"Which one of the following is a hip extensor muscle?","Adductor magnus","07cc798f-348c-4fd0-9573-ec9863710c63","Orthopedic Care","SME 2","SME 3"
"155","53fe3057-aa53-4a7a-938b-af51ec0ea425",2,"Allied: Medical Social Worker Assessment",428,"The HCAHPS survey is the first national standardized publicly reported survey of:","patients' perspectives on hospital care.","188ad74b-8f7b-44d0-9c5e-7c6992d746bb","Social Worker","SME 2","SME 3"
"156","6f8b3528-1427-450f-92f4-6fc159f6b0a3",1,"Radiology: Radiology Technologist Assessment",261,"Light waves, radio waves, and x-rays are energy waves grouped according to wavelengths. This grouping of wavelengths is called the:","electromagnetic spectrum.","44e2c02b-edd8-4e42-b610-0d6a5b76c26e","Radiologic Tests","SME 2","SME 3"
"157","0d779224-1811-485c-947b-b5457e7d4245",1,"RN: Long-Term Care (LTC) Assessment",408,"Mr. Lambert is an 84-year-old male with congestive heart failure. He has needed assistance with showering since admission, but the nursing aide just informed the nurse that Mr. Lambert is so fatigued after his showers that it is very difficult for him to get back into his bed and he has almost fallen several times. He is frequently too fatigued to make it down to the dining room for lunch and stays in bed until dinner. Which of the following should the nurse do first when updating the plan of care for Mr. Lambert?","Discuss the change in status with Mr. Lambert. Give him some possible options and ask him how he would like to proceed.","82c36f70-3a73-433a-ae3a-455dc7d06675","Nursing: Registered Nurse - RN","SME 2","SME 3"
"158","5a063a46-9f0b-4883-a2b8-ab40f96ec824",1,"RN: ICU Medical Assessment",433,"The medical ICU nurse recognizes that signs and symptoms of diabetic ketoacidosis (DKA) include:","fruity breath, deep, rapid breathing, and positive ketones.","696155c4-7548-4fac-ad72-1d08806822c7","Medical Surgical","SME 2","SME 3"
"159","c56ed192-a6d1-44f6-a7ae-70369a9687bf",1,"Lab: Medical Technologist (MT) Assessment",395,"What do the rapid plasma reagin (RPR) test and the Venereal Disease Research Laboratory (VDRL) test detect in the patient’s serum?","Anticardiolipin antibody","b680246b-a7d5-45c8-82de-ee25a8c6fe22","Medical Technologist","SME 2","SME 3"
"160","fcac8de3-1cf1-4f55-80c7-311c445ae49c",1,"Fetal Monitoring Assessment",225,"<img src='http://www.healthstream.com/content/nursecompetency/FetalMonitoring/2.jpg' border='0' /> <br/>The patient with the above FHR tracing is 31 weeks pregnant and comes to the hospital complaining of “leaking fluid” for the past 24 hours. Her vital signs are: Temperature: 99.8, Pulse: 100, R: 24, BP: 102/54. She also complains of abdominal pain and some nausea. What is your initial interpretation of this tracing?","FHR baseline 180, minimal variability, late decelerations","07e0908b-c134-49ab-8c99-34ac5abcf330","Nursing: Registered Nurse - RN","SME 2","SME 3"
"161","67dfb286-67bf-4e7f-bd9e-37554b21d68b",1,"Therapy: Physical Therapist (PT) Assessment",471,"Carpal tunnel syndrome is a collection of symptoms caused by the compression of the ____________ nerve.","median","fa3c49f3-cc13-4096-9ada-5718001c5b10","Physical Therapist","SME 2","SME 3"
"162","551aa182-168f-4459-a332-f8b3580c55f1",1,"Lab: Medical Lab Technician (MLT) Assessment",394,"Which of the following is true of ABO grouping?","ABO antibodies are usually of the IgM class.","2f6a9120-b640-491b-8740-0f1df703cc1a","Laboratory","SME 2","SME 3"
"163","a888b897-f9f6-4856-94b9-291d0e25dac0",2,"Radiology: MRI Technologist Assessment",522,"A type of substance that, like iron, exhibits strong attraction and alignment when it comes into contact with a magnetic field is called:","ferromagnetic.","a9fa9103-fae9-459b-b020-837a957251a5","Magnetic Resonance Imaging Technologist","SME 2","SME 3"
